{
    "accuracy": 0.9376908979841173,
    "precision": 0.8125,
    "recall": 0.7027027027027027,
    "auc": 0.9256756756756758,
    "step": 0
}
